{
    "homography": {
        "src_quad": [
            [
                972.0,
                301.0
            ],
            [
                1160.0,
                304.0
            ],
            [
                1841.0,
                722.0
            ],
            [
                1108.0,
                683.0
            ]
        ],
        "dst_size": [
            734,
            799
        ],
        "matrix": [
            [
                -3.6891188166750104,
                1.3134035577691112,
                3190.4890189196085
            ],
            [
                0.11320018610902025,
                -7.0938783294995575,
                2025.2267962814003
            ],
            [
                1.0736135144234738e-05,
                -0.006425212033514189,
                0.9999999999999999
            ]
        ]
    },
    "line_A": [
        [
            4,
            753
        ],
        [
            733,
            753
        ]
    ],
    "line_B": [
        [
            4,
            122
        ],
        [
            733,
            122
        ]
    ],
    "real_distance": 45.0,
    "video_reference": "highway.mp4"
}