{
    "homography": {
        "src_quad": [
            [
                968.0,
                289.0
            ],
            [
                1141.0,
                293.0
            ],
            [
                1899.0,
                761.0
            ],
            [
                1121.0,
                717.0
            ]
        ],
        "dst_size": [
            1000,
            7000
        ],
        "matrix": [
            [
                -5.331255984850375,
                1.9057994525282864,
                4609.879751554488
            ],
            [
                1.4613479156996914,
                -63.20329735401303,
                16851.168152912473
            ],
            [
                8.699141916891184e-05,
                -0.006876644698047734,
                1.0
            ]
        ],
        "ppm": 100.0,
        "real_width_m": 10.0,
        "real_height_m": 70.0
    },
    "line_A": [
        [
            4,
            6550
        ],
        [
            995,
            6550
        ]
    ],
    "line_B": [
        [
            4,
            1010
        ],
        [
            995,
            1010
        ]
    ],
    "real_distance": 55.4,
    "video_reference": "highway.mp4"
}
